,accuracy,precision,recall,f1
Logistic Regression,0.06680161943319839,0.5885361426001634,0.6058506543494996,0.5959001471597493
extroversion,0.5526315789473685,0.5516353508189851,0.5526315789473685,0.5520229446322328
neuroticism,0.5748987854251012,0.5787393384647389,0.5748987854251012,0.5746897363891658
agreeableness,0.52834008097166,0.5199249376844203,0.52834008097166,0.5205229346056797
conscientiousness,0.5587044534412956,0.5616203888511163,0.5587044534412956,0.5594219718210964
openness,0.6234817813765182,0.624988255570213,0.6234817813765182,0.6235805321592077
